{"cameraMode":{"drawMode":0,"name":"Shaded","section":"Shading Mode"},"sceneLighting":false,"audioPlay":false,"sceneViewState":{"showFog":true,"showMaterialUpdate":true,"showSkybox":false,"showFlares":true,"showImageEffects":true,"showParticleSystems":true},"in2DMode":false,"pivot":{"x":9.292719841003418,"y":1.498086929321289,"z":-0.6671995520591736},"rotation":{"x":0.27231791615486147,"y":-0.03607248142361641,"z":0.010216692462563515,"w":0.9614781141281128},"size":3.07934308052063,"orthographic":false}