{"cameraMode":{"drawMode":0,"name":"Shaded","section":"Shading Mode"},"sceneLighting":true,"audioPlay":false,"sceneViewState":{"showFog":true,"showMaterialUpdate":false,"showSkybox":true,"showFlares":true,"showImageEffects":true,"showParticleSystems":true},"in2DMode":false,"pivot":{"x":-0.714263916015625,"y":-0.5146484375,"z":-0.29052734375},"rotation":{"x":0.37098705768585207,"y":-0.06316974014043808,"z":0.02530401386320591,"w":0.9261414408683777},"size":2.7145373821258547,"orthographic":true}