{"cameraMode":{"drawMode":0,"name":"Shaded","section":"Shading Mode"},"sceneLighting":false,"audioPlay":false,"sceneViewState":{"showFog":true,"showMaterialUpdate":false,"showSkybox":true,"showFlares":true,"showImageEffects":true,"showParticleSystems":true},"in2DMode":false,"pivot":{"x":0.0,"y":-0.00034649670124053955,"z":0.17845946550369264},"rotation":{"x":-0.19852973520755769,"y":0.534180760383606,"z":-0.13072288036346436,"w":-0.8112645745277405},"size":1.1331638097763062,"orthographic":false}