{"cameraMode":{"drawMode":0,"name":"Shaded","section":"Shading Mode"},"sceneLighting":false,"audioPlay":false,"sceneViewState":{"showFog":true,"showMaterialUpdate":false,"showSkybox":false,"showFlares":true,"showImageEffects":true,"showParticleSystems":true},"in2DMode":false,"pivot":{"x":9.292719841003418,"y":1.498086929321289,"z":-0.6671995520591736},"rotation":{"x":-0.03442331776022911,"y":-0.06351219862699509,"z":0.0021925405599176885,"w":-0.9973924160003662},"size":3.07934308052063,"orthographic":true}