{"cameraMode":{"drawMode":0,"name":"Shaded","section":"Shading Mode"},"sceneLighting":true,"audioPlay":false,"sceneViewState":{"showFog":true,"showMaterialUpdate":false,"showSkybox":true,"showFlares":true,"showImageEffects":true,"showParticleSystems":true},"in2DMode":false,"pivot":{"x":1046.2698974609375,"y":709.471923828125,"z":926.5610961914063},"rotation":{"x":0.052457112818956378,"y":-0.026959864422678949,"z":0.0014156458200886846,"w":0.9982632398605347},"size":1661.3218994140625,"orthographic":true}